{"stats":{"minecraft:crafted":{"minecraft:stone_shovel":1,"minecraft:shield":1,"minecraft:crafting_table":1,"minecraft:spruce_planks":60,"minecraft:stick":8,"minecraft:iron_ingot":4,"minecraft:stone_pickaxe":1,"minecraft:bucket":1,"minecraft:stone_axe":1},"minecraft:picked_up":{"minecraft:spruce_fence":6,"minecraft:sand":11,"minecraft:stripped_spruce_log":6,"minecraft:carrot":1,"minecraft:spruce_log":10,"minecraft:dirt":7,"minecraft:kelp":8,"minecraft:spruce_planks":1,"minecraft:cobblestone":14},"minecraft:used":{"minecraft:apple":2,"minecraft:stone_pickaxe":11,"minecraft:stone_axe":19,"minecraft:sand":5,"minecraft:dirt":2,"minecraft:crafting_table":1,"minecraft:stripped_spruce_log":1,"minecraft:golden_pickaxe":14},"minecraft:custom":{"minecraft:time_since_rest":10228,"minecraft:interact_with_furnace":1,"minecraft:sprint_one_cm":24413,"minecraft:walk_one_cm":7891,"minecraft:interact_with_crafting_table":3,"minecraft:swim_one_cm":63433,"minecraft:fly_one_cm":54758,"minecraft:open_chest":2,"minecraft:crouch_one_cm":2958,"minecraft:play_one_minute":10228,"minecraft:sneak_time":1298,"minecraft:walk_under_water_one_cm":1892,"minecraft:jump":193,"minecraft:leave_game":1,"minecraft:walk_on_water_one_cm":5274,"minecraft:time_since_death":10228,"minecraft:fall_one_cm":4983},"minecraft:mined":{"minecraft:spruce_planks":1,"minecraft:carrots":1,"minecraft:kelp_plant":2,"minecraft:spruce_log":11,"minecraft:stripped_spruce_log":6,"minecraft:grass_path":1,"minecraft:grass":5,"minecraft:grass_block":1,"minecraft:spruce_fence":6,"minecraft:sand":11,"minecraft:dirt":5,"minecraft:packed_ice":11,"minecraft:spruce_leaves":5,"minecraft:stone":14,"minecraft:kelp":1}},"DataVersion":2586}