{"stats":{"minecraft:broken":{"minecraft:stone_axe":1,"minecraft:stone_shovel":1},"minecraft:used":{"minecraft:water_bucket":8,"minecraft:snow_block":1,"minecraft:spruce_slab":20,"minecraft:stone_shovel":191,"minecraft:stone_pickaxe":82,"minecraft:spruce_planks":31,"minecraft:chest":4,"minecraft:shield":3,"minecraft:iron_sword":8,"minecraft:composter":2,"minecraft:fletching_table":1,"minecraft:blue_bed":3,"minecraft:stonecutter":5,"minecraft:rotten_flesh":2,"minecraft:torch":29,"minecraft:dirt":29,"minecraft:sand":5,"minecraft:crafting_table":6,"minecraft:red_bed":1,"minecraft:spruce_log":2,"minecraft:blast_furnace":1,"minecraft:snowball":4,"minecraft:white_bed":7,"minecraft:spruce_fence":3,"minecraft:smoker":1,"minecraft:stripped_spruce_log":1,"minecraft:redstone_torch":1,"minecraft:apple":2,"minecraft:lantern":3,"minecraft:bread":6,"minecraft:iron_pickaxe":55,"minecraft:spruce_trapdoor":2,"minecraft:spruce_sapling":5,"minecraft:gravel":9,"minecraft:stone_axe":242,"minecraft:furnace":7,"minecraft:smithing_table":1,"minecraft:grindstone":2,"minecraft:bucket":9,"minecraft:golden_pickaxe":20},"minecraft:picked_up":{"minecraft:crafting_table":2,"minecraft:clay_ball":40,"minecraft:salmon":4,"minecraft:andesite":2,"minecraft:smithing_table":1,"minecraft:smoker":1,"minecraft:potato":6,"minecraft:flint":3,"minecraft:stripped_spruce_wood":3,"minecraft:string":1,"minecraft:blue_bed":3,"minecraft:dirt":99,"minecraft:red_bed":2,"minecraft:lantern":5,"minecraft:white_carpet":9,"minecraft:kelp":8,"minecraft:stonecutter":5,"minecraft:wheat_seeds":2,"minecraft:redstone_torch":1,"minecraft:spruce_planks":16,"minecraft:iron_ingot":7,"minecraft:grindstone":2,"minecraft:iron_ore":11,"minecraft:spruce_slab":16,"minecraft:sugar_cane":5,"minecraft:chest":3,"minecraft:furnace":13,"minecraft:stick":8,"minecraft:pumpkin":2,"minecraft:composter":3,"minecraft:torch":4,"minecraft:ink_sac":3,"minecraft:gravel":9,"minecraft:spruce_fence":15,"minecraft:sand":11,"minecraft:blast_furnace":1,"minecraft:stripped_spruce_log":18,"minecraft:spruce_sapling":9,"minecraft:white_bed":8,"minecraft:spruce_log":156,"minecraft:carrot":1,"minecraft:spider_eye":1,"minecraft:rotten_flesh":7,"minecraft:iron_helmet":1,"minecraft:bread":39,"minecraft:light_gray_carpet":3,"minecraft:coal":64,"minecraft:snowball":225,"minecraft:cobblestone":50},"minecraft:killed":{"minecraft:salmon":5,"minecraft:squid":1,"minecraft:zombie":3},"minecraft:crafted":{"minecraft:stone_shovel":2,"minecraft:emerald":20,"minecraft:crafting_table":5,"minecraft:spruce_planks":404,"minecraft:iron_sword":1,"minecraft:fletching_table":1,"minecraft:bucket":1,"minecraft:stone_axe":2,"minecraft:bread":36,"minecraft:air":0,"minecraft:spruce_trapdoor":2,"minecraft:shield":1,"minecraft:spruce_slab":24,"minecraft:stick":532,"minecraft:iron_ingot":8,"minecraft:iron_pickaxe":1,"minecraft:stone_pickaxe":1,"minecraft:chest":1,"minecraft:snow_block":50,"minecraft:torch":40},"minecraft:mined":{"minecraft:smithing_table":1,"minecraft:light_gray_carpet":3,"minecraft:spruce_planks":16,"minecraft:white_bed":8,"minecraft:red_bed":2,"minecraft:kelp_plant":2,"minecraft:smoker":1,"minecraft:snow_block":34,"minecraft:clay":13,"minecraft:crafting_table":2,"minecraft:blast_furnace":1,"minecraft:grass_block":29,"minecraft:spruce_fence":15,"minecraft:chest":3,"minecraft:spruce_leaves":30,"minecraft:grindstone":2,"minecraft:sugar_cane":4,"minecraft:composter":3,"minecraft:kelp":1,"minecraft:wall_torch":2,"minecraft:blue_bed":3,"minecraft:large_fern":4,"minecraft:redstone_torch":1,"minecraft:spruce_sapling":1,"minecraft:furnace":13,"minecraft:carrots":1,"minecraft:stripped_spruce_wood":3,"minecraft:white_carpet":9,"minecraft:iron_ore":11,"minecraft:snow":44,"minecraft:ice":5,"minecraft:spruce_log":163,"minecraft:stripped_spruce_log":18,"minecraft:pumpkin":2,"minecraft:grass_path":11,"minecraft:grass":5,"minecraft:coal_ore":60,"minecraft:lantern":2,"minecraft:gravel":4,"minecraft:sand":11,"minecraft:dirt":60,"minecraft:packed_ice":13,"minecraft:stonecutter":5,"minecraft:stone":41,"minecraft:spruce_slab":5},"minecraft:dropped":{"minecraft:wheat_seeds":1},"minecraft:custom":{"minecraft:interact_with_smithing_table":1,"minecraft:interact_with_furnace":4,"minecraft:mob_kills":9,"minecraft:traded_with_villager":27,"minecraft:interact_with_crafting_table":11,"minecraft:play_one_minute":51851,"minecraft:leave_game":2,"minecraft:time_since_death":51851,"minecraft:sleep_in_bed":3,"minecraft:time_since_rest":11511,"minecraft:sprint_one_cm":148005,"minecraft:damage_taken":12,"minecraft:walk_one_cm":116841,"minecraft:damage_blocked_by_shield":345,"minecraft:drop":1,"minecraft:damage_dealt":921,"minecraft:talked_to_villager":64,"minecraft:swim_one_cm":73582,"minecraft:fly_one_cm":226998,"minecraft:open_chest":9,"minecraft:crouch_one_cm":24624,"minecraft:sneak_time":8222,"minecraft:walk_under_water_one_cm":3610,"minecraft:jump":1150,"minecraft:walk_on_water_one_cm":7920,"minecraft:interact_with_smoker":1,"minecraft:fall_one_cm":22533}},"DataVersion":2586}