{"stats":{"minecraft:crafted":{"minecraft:stone_shovel":1,"minecraft:shield":1,"minecraft:crafting_table":1,"minecraft:spruce_planks":60,"minecraft:stick":8,"minecraft:iron_ingot":4,"minecraft:stone_pickaxe":1,"minecraft:bucket":1,"minecraft:stone_axe":1},"minecraft:used":{"minecraft:apple":2,"minecraft:stone_pickaxe":12,"minecraft:shield":1,"minecraft:stone_axe":32,"minecraft:dirt":2,"minecraft:sand":5,"minecraft:crafting_table":1,"minecraft:bucket":1,"minecraft:golden_pickaxe":20,"minecraft:stripped_spruce_log":1},"minecraft:picked_up":{"minecraft:pumpkin":2,"minecraft:andesite":2,"minecraft:spruce_fence":6,"minecraft:sand":11,"minecraft:stripped_spruce_log":6,"minecraft:carrot":1,"minecraft:spruce_log":15,"minecraft:dirt":7,"minecraft:rotten_flesh":5,"minecraft:kelp":8,"minecraft:spruce_planks":1,"minecraft:coal":5,"minecraft:snowball":8,"minecraft:cobblestone":21},"minecraft:custom":{"minecraft:time_since_rest":12498,"minecraft:interact_with_furnace":1,"minecraft:sprint_one_cm":33419,"minecraft:walk_one_cm":11547,"minecraft:damage_blocked_by_shield":60,"minecraft:mob_kills":2,"minecraft:damage_dealt":381,"minecraft:talked_to_villager":2,"minecraft:swim_one_cm":63433,"minecraft:interact_with_crafting_table":3,"minecraft:fly_one_cm":63405,"minecraft:open_chest":2,"minecraft:crouch_one_cm":4456,"minecraft:play_one_minute":12498,"minecraft:sneak_time":1708,"minecraft:walk_under_water_one_cm":1892,"minecraft:jump":253,"minecraft:leave_game":2,"minecraft:walk_on_water_one_cm":5274,"minecraft:time_since_death":12498,"minecraft:fall_one_cm":5668},"minecraft:mined":{"minecraft:spruce_planks":1,"minecraft:carrots":1,"minecraft:kelp_plant":2,"minecraft:ice":4,"minecraft:spruce_log":16,"minecraft:stripped_spruce_log":6,"minecraft:pumpkin":2,"minecraft:grass_path":1,"minecraft:grass":5,"minecraft:grass_block":1,"minecraft:spruce_fence":6,"minecraft:coal_ore":5,"minecraft:sand":11,"minecraft:dirt":5,"minecraft:packed_ice":11,"minecraft:spruce_leaves":5,"minecraft:stone":16,"minecraft:kelp":1},"minecraft:killed":{"minecraft:zombie":2}},"DataVersion":2586}