{"stats":{"minecraft:broken":{"minecraft:stone_axe":1,"minecraft:iron_pickaxe":1,"minecraft:stone_shovel":2},"minecraft:used":{"minecraft:flint_and_steel":1,"minecraft:stone_shovel":375,"minecraft:spruce_slab":20,"minecraft:light_gray_carpet":3,"minecraft:chest":4,"minecraft:spruce_planks":31,"minecraft:shield":9,"minecraft:iron_sword":34,"minecraft:rotten_flesh":2,"minecraft:torch":104,"minecraft:dirt":73,"minecraft:white_carpet":10,"minecraft:carrot":10,"minecraft:spruce_fence":3,"minecraft:snowball":4,"minecraft:stripped_spruce_log":1,"minecraft:lava_bucket":9,"minecraft:lantern":5,"minecraft:iron_axe":148,"minecraft:furnace":8,"minecraft:potato":3,"minecraft:water_bucket":22,"minecraft:snow_block":1,"minecraft:stone_pickaxe":82,"minecraft:composter":4,"minecraft:stonecutter":5,"minecraft:blue_bed":17,"minecraft:fletching_table":6,"minecraft:golden_apple":1,"minecraft:sand":5,"minecraft:crafting_table":8,"minecraft:red_bed":3,"minecraft:blast_furnace":3,"minecraft:white_bed":12,"minecraft:smoker":1,"minecraft:spruce_log":2,"minecraft:redstone_torch":1,"minecraft:apple":2,"minecraft:bread":10,"minecraft:string":2,"minecraft:iron_pickaxe":613,"minecraft:spruce_trapdoor":2,"minecraft:spruce_sapling":18,"minecraft:gravel":9,"minecraft:stone_axe":242,"minecraft:cobblestone":22,"minecraft:grindstone":6,"minecraft:smithing_table":2,"minecraft:bucket":32,"minecraft:bone_meal":14,"minecraft:golden_pickaxe":20},"minecraft:picked_up":{"minecraft:crafting_table":2,"minecraft:wheat":1,"minecraft:clay_ball":40,"minecraft:smithing_table":2,"minecraft:string":4,"minecraft:red_bed":3,"minecraft:white_carpet":10,"minecraft:spruce_planks":80,"minecraft:redstone_torch":2,"minecraft:spruce_slab":16,"minecraft:chest":3,"minecraft:sugar_cane":5,"minecraft:furnace":13,"minecraft:stick":163,"minecraft:composter":5,"minecraft:torch":9,"minecraft:spruce_fence":15,"minecraft:diorite":9,"minecraft:carrot":10,"minecraft:redstone":75,"minecraft:arrow":2,"minecraft:rotten_flesh":12,"minecraft:snowball":236,"minecraft:bone_block":6,"minecraft:cobblestone":400,"minecraft:andesite":33,"minecraft:salmon":4,"minecraft:smoker":1,"minecraft:potato":43,"minecraft:flint":7,"minecraft:stripped_spruce_wood":3,"minecraft:lapis_lazuli":22,"minecraft:lantern":5,"minecraft:dirt":214,"minecraft:blue_bed":18,"minecraft:bone":2,"minecraft:kelp":8,"minecraft:stonecutter":5,"minecraft:wheat_seeds":6,"minecraft:grindstone":7,"minecraft:iron_ingot":7,"minecraft:iron_ore":55,"minecraft:fletching_table":3,"minecraft:pumpkin":2,"minecraft:gravel":66,"minecraft:sand":11,"minecraft:stripped_spruce_log":18,"minecraft:spruce_sapling":39,"minecraft:blast_furnace":3,"minecraft:ink_sac":3,"minecraft:spruce_log":298,"minecraft:white_bed":12,"minecraft:gold_ore":12,"minecraft:spider_eye":1,"minecraft:iron_helmet":1,"minecraft:granite":3,"minecraft:emerald":3,"minecraft:bread":39,"minecraft:light_gray_carpet":3,"minecraft:coal":116},"minecraft:killed":{"minecraft:spider":1,"minecraft:skeleton":1,"minecraft:salmon":5,"minecraft:creeper":2,"minecraft:squid":1,"minecraft:zombie":6},"minecraft:crafted":{"minecraft:stone_shovel":4,"minecraft:bone_meal":54,"minecraft:flint_and_steel":1,"minecraft:bow":1,"minecraft:iron_boots":1,"minecraft:iron_axe":2,"minecraft:spruce_slab":24,"minecraft:stone_pickaxe":1,"minecraft:chest":1,"minecraft:arrow":112,"minecraft:emerald":69,"minecraft:crafting_table":6,"minecraft:spruce_planks":1188,"minecraft:iron_sword":1,"minecraft:fletching_table":3,"minecraft:bucket":1,"minecraft:stone_axe":12,"minecraft:bread":66,"minecraft:air":0,"minecraft:apple":4,"minecraft:spruce_trapdoor":2,"minecraft:golden_apple":1,"minecraft:iron_chestplate":2,"minecraft:shield":1,"minecraft:stick":2071,"minecraft:iron_ingot":20,"minecraft:iron_pickaxe":4,"minecraft:snow_block":51,"minecraft:gold_ingot":12,"minecraft:torch":100},"minecraft:mined":{"minecraft:spruce_planks":16,"minecraft:white_bed":12,"minecraft:granite":3,"minecraft:grass_block":33,"minecraft:spruce_fence":15,"minecraft:spruce_leaves":39,"minecraft:composter":5,"minecraft:kelp":1,"minecraft:large_fern":4,"minecraft:redstone_ore":18,"minecraft:spruce_sapling":2,"minecraft:furnace":13,"minecraft:carrots":3,"minecraft:iron_ore":55,"minecraft:snow":55,"minecraft:andesite":31,"minecraft:stripped_spruce_log":18,"minecraft:pumpkin":2,"minecraft:fletching_table":3,"minecraft:potatoes":10,"minecraft:lantern":2,"minecraft:packed_ice":13,"minecraft:stone":417,"minecraft:bone_block":6,"minecraft:spruce_slab":5,"minecraft:tripwire":2,"minecraft:smithing_table":2,"minecraft:light_gray_carpet":3,"minecraft:red_bed":3,"minecraft:kelp_plant":2,"minecraft:snow_block":34,"minecraft:smoker":1,"minecraft:clay":13,"minecraft:crafting_table":2,"minecraft:torch":1,"minecraft:blast_furnace":3,"minecraft:chest":3,"minecraft:cobblestone":1,"minecraft:lapis_ore":3,"minecraft:grindstone":7,"minecraft:sugar_cane":4,"minecraft:diorite":5,"minecraft:blue_bed":18,"minecraft:wall_torch":3,"minecraft:stripped_spruce_wood":3,"minecraft:wheat":1,"minecraft:redstone_torch":1,"minecraft:ice":5,"minecraft:white_carpet":10,"minecraft:spruce_log":305,"minecraft:grass_path":11,"minecraft:grass":6,"minecraft:coal_ore":112,"minecraft:gravel":65,"minecraft:sand":11,"minecraft:dirt":173,"minecraft:stonecutter":5,"minecraft:gold_ore":12},"minecraft:dropped":{"minecraft:wheat_seeds":1,"minecraft:granite":3,"minecraft:stick":128,"minecraft:diorite":9,"minecraft:bone":2,"minecraft:gravel":1,"minecraft:stone_axe":10,"minecraft:rotten_flesh":5,"minecraft:spruce_planks":64,"minecraft:andesite":31},"minecraft:custom":{"minecraft:interact_with_smithing_table":3,"minecraft:mob_kills":17,"minecraft:interact_with_crafting_table":19,"minecraft:leave_game":3,"minecraft:time_since_death":99702,"minecraft:sprint_one_cm":243674,"minecraft:walk_one_cm":255118,"minecraft:damage_blocked_by_shield":675,"minecraft:drop":22,"minecraft:talked_to_villager":136,"minecraft:sneak_time":20499,"minecraft:walk_under_water_one_cm":3610,"minecraft:jump":1788,"minecraft:walk_on_water_one_cm":11032,"minecraft:interact_with_furnace":9,"minecraft:traded_with_villager":104,"minecraft:play_one_minute":99702,"minecraft:sleep_in_bed":7,"minecraft:time_since_rest":7423,"minecraft:damage_taken":61,"minecraft:damage_dealt":2300,"minecraft:fly_one_cm":320802,"minecraft:swim_one_cm":73582,"minecraft:open_chest":19,"minecraft:crouch_one_cm":59471,"minecraft:interact_with_smoker":1,"minecraft:fall_one_cm":35262}},"DataVersion":2586}