{"stats":{"minecraft:broken":{"minecraft:stone_axe":1,"minecraft:iron_pickaxe":1,"minecraft:stone_shovel":2},"minecraft:used":{"minecraft:flint_and_steel":1,"minecraft:stone_shovel":274,"minecraft:spruce_slab":20,"minecraft:light_gray_carpet":3,"minecraft:chest":4,"minecraft:spruce_planks":31,"minecraft:shield":9,"minecraft:iron_sword":34,"minecraft:rotten_flesh":2,"minecraft:torch":100,"minecraft:dirt":73,"minecraft:white_carpet":10,"minecraft:spruce_fence":3,"minecraft:snowball":4,"minecraft:stripped_spruce_log":1,"minecraft:lava_bucket":9,"minecraft:lantern":5,"minecraft:iron_axe":68,"minecraft:furnace":8,"minecraft:water_bucket":22,"minecraft:snow_block":1,"minecraft:stone_pickaxe":82,"minecraft:composter":3,"minecraft:stonecutter":5,"minecraft:blue_bed":16,"minecraft:fletching_table":1,"minecraft:golden_apple":1,"minecraft:sand":5,"minecraft:crafting_table":8,"minecraft:red_bed":3,"minecraft:blast_furnace":1,"minecraft:white_bed":12,"minecraft:smoker":1,"minecraft:spruce_log":2,"minecraft:redstone_torch":1,"minecraft:apple":2,"minecraft:bread":10,"minecraft:string":2,"minecraft:iron_pickaxe":606,"minecraft:spruce_trapdoor":2,"minecraft:spruce_sapling":9,"minecraft:gravel":9,"minecraft:stone_axe":242,"minecraft:cobblestone":22,"minecraft:grindstone":2,"minecraft:smithing_table":2,"minecraft:bucket":32,"minecraft:golden_pickaxe":20},"minecraft:picked_up":{"minecraft:crafting_table":2,"minecraft:clay_ball":40,"minecraft:smithing_table":2,"minecraft:string":4,"minecraft:red_bed":3,"minecraft:white_carpet":10,"minecraft:spruce_planks":16,"minecraft:redstone_torch":1,"minecraft:spruce_slab":16,"minecraft:chest":3,"minecraft:sugar_cane":5,"minecraft:furnace":13,"minecraft:stick":138,"minecraft:composter":5,"minecraft:torch":8,"minecraft:spruce_fence":15,"minecraft:diorite":9,"minecraft:carrot":1,"minecraft:redstone":75,"minecraft:arrow":2,"minecraft:rotten_flesh":12,"minecraft:snowball":225,"minecraft:bone_block":6,"minecraft:cobblestone":400,"minecraft:andesite":33,"minecraft:salmon":4,"minecraft:smoker":1,"minecraft:potato":6,"minecraft:flint":3,"minecraft:stripped_spruce_wood":3,"minecraft:lapis_lazuli":22,"minecraft:lantern":5,"minecraft:dirt":184,"minecraft:blue_bed":17,"minecraft:bone":2,"minecraft:kelp":8,"minecraft:stonecutter":5,"minecraft:wheat_seeds":2,"minecraft:grindstone":2,"minecraft:iron_ingot":7,"minecraft:iron_ore":55,"minecraft:pumpkin":2,"minecraft:gravel":10,"minecraft:sand":11,"minecraft:stripped_spruce_log":18,"minecraft:spruce_sapling":10,"minecraft:blast_furnace":1,"minecraft:ink_sac":3,"minecraft:spruce_log":221,"minecraft:white_bed":12,"minecraft:gold_ore":12,"minecraft:spider_eye":1,"minecraft:iron_helmet":1,"minecraft:granite":3,"minecraft:bread":39,"minecraft:light_gray_carpet":3,"minecraft:coal":116},"minecraft:killed":{"minecraft:spider":1,"minecraft:skeleton":1,"minecraft:salmon":5,"minecraft:creeper":2,"minecraft:squid":1,"minecraft:zombie":6},"minecraft:crafted":{"minecraft:stone_shovel":3,"minecraft:bone_meal":54,"minecraft:flint_and_steel":1,"minecraft:bow":1,"minecraft:iron_boots":1,"minecraft:iron_axe":1,"minecraft:spruce_slab":24,"minecraft:stone_pickaxe":1,"minecraft:chest":1,"minecraft:arrow":112,"minecraft:emerald":52,"minecraft:crafting_table":6,"minecraft:spruce_planks":924,"minecraft:iron_sword":1,"minecraft:fletching_table":1,"minecraft:bucket":1,"minecraft:stone_axe":2,"minecraft:bread":66,"minecraft:air":0,"minecraft:apple":4,"minecraft:spruce_trapdoor":2,"minecraft:golden_apple":1,"minecraft:iron_chestplate":1,"minecraft:shield":1,"minecraft:stick":1562,"minecraft:iron_ingot":20,"minecraft:iron_pickaxe":4,"minecraft:snow_block":51,"minecraft:gold_ingot":12,"minecraft:torch":92},"minecraft:mined":{"minecraft:spruce_planks":16,"minecraft:white_bed":12,"minecraft:granite":3,"minecraft:grass_block":31,"minecraft:spruce_fence":15,"minecraft:spruce_leaves":34,"minecraft:composter":5,"minecraft:kelp":1,"minecraft:large_fern":4,"minecraft:redstone_ore":18,"minecraft:spruce_sapling":1,"minecraft:furnace":13,"minecraft:carrots":1,"minecraft:iron_ore":55,"minecraft:snow":44,"minecraft:andesite":31,"minecraft:stripped_spruce_log":18,"minecraft:pumpkin":2,"minecraft:lantern":2,"minecraft:packed_ice":13,"minecraft:stone":417,"minecraft:bone_block":6,"minecraft:spruce_slab":5,"minecraft:tripwire":2,"minecraft:smithing_table":2,"minecraft:light_gray_carpet":3,"minecraft:red_bed":3,"minecraft:kelp_plant":2,"minecraft:snow_block":34,"minecraft:smoker":1,"minecraft:clay":13,"minecraft:crafting_table":2,"minecraft:torch":1,"minecraft:blast_furnace":1,"minecraft:chest":3,"minecraft:cobblestone":1,"minecraft:lapis_ore":3,"minecraft:grindstone":2,"minecraft:sugar_cane":4,"minecraft:diorite":5,"minecraft:blue_bed":17,"minecraft:wall_torch":2,"minecraft:stripped_spruce_wood":3,"minecraft:redstone_torch":1,"minecraft:ice":5,"minecraft:white_carpet":10,"minecraft:spruce_log":228,"minecraft:grass_path":11,"minecraft:grass":6,"minecraft:coal_ore":112,"minecraft:gravel":5,"minecraft:sand":11,"minecraft:dirt":145,"minecraft:stonecutter":5,"minecraft:gold_ore":12},"minecraft:dropped":{"minecraft:wheat_seeds":1,"minecraft:granite":3,"minecraft:stick":128,"minecraft:diorite":9,"minecraft:bone":2,"minecraft:gravel":1,"minecraft:rotten_flesh":5,"minecraft:andesite":31},"minecraft:custom":{"minecraft:interact_with_smithing_table":3,"minecraft:mob_kills":17,"minecraft:interact_with_crafting_table":16,"minecraft:leave_game":2,"minecraft:time_since_death":87851,"minecraft:sprint_one_cm":221273,"minecraft:walk_one_cm":207516,"minecraft:damage_blocked_by_shield":675,"minecraft:drop":11,"minecraft:talked_to_villager":94,"minecraft:sneak_time":19214,"minecraft:walk_under_water_one_cm":3610,"minecraft:jump":1619,"minecraft:walk_on_water_one_cm":11032,"minecraft:interact_with_furnace":9,"minecraft:traded_with_villager":75,"minecraft:play_one_minute":87851,"minecraft:sleep_in_bed":6,"minecraft:time_since_rest":8234,"minecraft:damage_taken":61,"minecraft:damage_dealt":2300,"minecraft:fly_one_cm":290825,"minecraft:swim_one_cm":73582,"minecraft:open_chest":15,"minecraft:crouch_one_cm":54455,"minecraft:interact_with_smoker":1,"minecraft:fall_one_cm":31469}},"DataVersion":2586}