{"stats":{"minecraft:broken":{"minecraft:stone_axe":1,"minecraft:stone_shovel":2},"minecraft:used":{"minecraft:stone_shovel":274,"minecraft:spruce_slab":20,"minecraft:light_gray_carpet":3,"minecraft:chest":4,"minecraft:spruce_planks":31,"minecraft:shield":4,"minecraft:iron_sword":31,"minecraft:rotten_flesh":2,"minecraft:torch":86,"minecraft:dirt":73,"minecraft:white_carpet":10,"minecraft:spruce_fence":3,"minecraft:snowball":4,"minecraft:stripped_spruce_log":1,"minecraft:lantern":5,"minecraft:iron_axe":1,"minecraft:furnace":8,"minecraft:water_bucket":20,"minecraft:snow_block":1,"minecraft:stone_pickaxe":82,"minecraft:composter":2,"minecraft:stonecutter":5,"minecraft:blue_bed":11,"minecraft:fletching_table":1,"minecraft:sand":5,"minecraft:crafting_table":7,"minecraft:red_bed":3,"minecraft:blast_furnace":1,"minecraft:white_bed":12,"minecraft:smoker":1,"minecraft:spruce_log":2,"minecraft:redstone_torch":1,"minecraft:apple":2,"minecraft:bread":9,"minecraft:string":2,"minecraft:iron_pickaxe":416,"minecraft:spruce_trapdoor":2,"minecraft:spruce_sapling":9,"minecraft:gravel":9,"minecraft:stone_axe":242,"minecraft:cobblestone":21,"minecraft:grindstone":2,"minecraft:smithing_table":2,"minecraft:bucket":21,"minecraft:golden_pickaxe":20},"minecraft:picked_up":{"minecraft:crafting_table":2,"minecraft:clay_ball":40,"minecraft:smithing_table":2,"minecraft:string":4,"minecraft:red_bed":3,"minecraft:white_carpet":10,"minecraft:spruce_planks":16,"minecraft:redstone_torch":1,"minecraft:spruce_slab":16,"minecraft:chest":3,"minecraft:sugar_cane":5,"minecraft:furnace":13,"minecraft:stick":138,"minecraft:composter":3,"minecraft:torch":8,"minecraft:spruce_fence":15,"minecraft:diorite":9,"minecraft:carrot":1,"minecraft:redstone":65,"minecraft:rotten_flesh":12,"minecraft:snowball":225,"minecraft:cobblestone":250,"minecraft:andesite":25,"minecraft:salmon":4,"minecraft:smoker":1,"minecraft:potato":6,"minecraft:flint":3,"minecraft:stripped_spruce_wood":3,"minecraft:lapis_lazuli":22,"minecraft:lantern":5,"minecraft:dirt":184,"minecraft:blue_bed":12,"minecraft:kelp":8,"minecraft:stonecutter":5,"minecraft:wheat_seeds":2,"minecraft:grindstone":2,"minecraft:iron_ingot":7,"minecraft:iron_ore":46,"minecraft:pumpkin":2,"minecraft:gravel":10,"minecraft:sand":11,"minecraft:stripped_spruce_log":18,"minecraft:spruce_sapling":9,"minecraft:blast_furnace":1,"minecraft:ink_sac":3,"minecraft:spruce_log":156,"minecraft:white_bed":12,"minecraft:gold_ore":12,"minecraft:spider_eye":1,"minecraft:iron_helmet":1,"minecraft:granite":3,"minecraft:bread":39,"minecraft:light_gray_carpet":3,"minecraft:coal":113},"minecraft:killed":{"minecraft:spider":1,"minecraft:salmon":5,"minecraft:creeper":2,"minecraft:squid":1,"minecraft:zombie":6},"minecraft:crafted":{"minecraft:stone_shovel":3,"minecraft:iron_axe":1,"minecraft:spruce_slab":24,"minecraft:stone_pickaxe":1,"minecraft:chest":1,"minecraft:emerald":36,"minecraft:crafting_table":5,"minecraft:spruce_planks":668,"minecraft:iron_sword":1,"minecraft:fletching_table":1,"minecraft:bucket":1,"minecraft:stone_axe":2,"minecraft:bread":36,"minecraft:air":0,"minecraft:spruce_trapdoor":2,"minecraft:iron_chestplate":1,"minecraft:shield":1,"minecraft:stick":1050,"minecraft:iron_ingot":20,"minecraft:iron_pickaxe":4,"minecraft:snow_block":51,"minecraft:torch":92},"minecraft:mined":{"minecraft:spruce_planks":16,"minecraft:white_bed":12,"minecraft:granite":3,"minecraft:grass_block":31,"minecraft:spruce_fence":15,"minecraft:spruce_leaves":30,"minecraft:composter":3,"minecraft:kelp":1,"minecraft:large_fern":4,"minecraft:redstone_ore":16,"minecraft:spruce_sapling":1,"minecraft:furnace":13,"minecraft:carrots":1,"minecraft:iron_ore":46,"minecraft:snow":44,"minecraft:andesite":23,"minecraft:stripped_spruce_log":18,"minecraft:pumpkin":2,"minecraft:lantern":2,"minecraft:packed_ice":13,"minecraft:stone":255,"minecraft:spruce_slab":5,"minecraft:tripwire":2,"minecraft:smithing_table":2,"minecraft:light_gray_carpet":3,"minecraft:red_bed":3,"minecraft:kelp_plant":2,"minecraft:snow_block":34,"minecraft:smoker":1,"minecraft:clay":13,"minecraft:crafting_table":2,"minecraft:torch":1,"minecraft:blast_furnace":1,"minecraft:chest":3,"minecraft:cobblestone":1,"minecraft:lapis_ore":3,"minecraft:grindstone":2,"minecraft:sugar_cane":4,"minecraft:diorite":5,"minecraft:blue_bed":12,"minecraft:wall_torch":2,"minecraft:stripped_spruce_wood":3,"minecraft:redstone_torch":1,"minecraft:ice":5,"minecraft:white_carpet":10,"minecraft:spruce_log":163,"minecraft:grass_path":11,"minecraft:grass":6,"minecraft:coal_ore":109,"minecraft:gravel":5,"minecraft:sand":11,"minecraft:dirt":145,"minecraft:stonecutter":5,"minecraft:gold_ore":12},"minecraft:dropped":{"minecraft:wheat_seeds":1,"minecraft:granite":3,"minecraft:stick":128,"minecraft:diorite":9,"minecraft:gravel":1,"minecraft:rotten_flesh":5},"minecraft:custom":{"minecraft:interact_with_smithing_table":2,"minecraft:mob_kills":16,"minecraft:interact_with_crafting_table":14,"minecraft:leave_game":2,"minecraft:time_since_death":75851,"minecraft:sprint_one_cm":200635,"minecraft:walk_one_cm":164904,"minecraft:damage_blocked_by_shield":465,"minecraft:drop":9,"minecraft:talked_to_villager":78,"minecraft:sneak_time":17204,"minecraft:walk_under_water_one_cm":3610,"minecraft:jump":1497,"minecraft:walk_on_water_one_cm":10530,"minecraft:interact_with_furnace":6,"minecraft:traded_with_villager":45,"minecraft:play_one_minute":75851,"minecraft:sleep_in_bed":5,"minecraft:time_since_rest":9948,"minecraft:damage_taken":61,"minecraft:damage_dealt":2100,"minecraft:fly_one_cm":274225,"minecraft:swim_one_cm":73582,"minecraft:open_chest":10,"minecraft:crouch_one_cm":48843,"minecraft:interact_with_smoker":1,"minecraft:fall_one_cm":29472}},"DataVersion":2586}