{"stats":{"minecraft:broken":{"minecraft:stone_shovel":1},"minecraft:picked_up":{"minecraft:andesite":2,"minecraft:smithing_table":1,"minecraft:smoker":1,"minecraft:potato":6,"minecraft:flint":3,"minecraft:stripped_spruce_wood":2,"minecraft:string":1,"minecraft:blue_bed":3,"minecraft:dirt":60,"minecraft:red_bed":1,"minecraft:lantern":3,"minecraft:kelp":8,"minecraft:stonecutter":1,"minecraft:wheat_seeds":1,"minecraft:spruce_planks":2,"minecraft:grindstone":2,"minecraft:iron_ore":11,"minecraft:chest":3,"minecraft:furnace":11,"minecraft:stick":2,"minecraft:pumpkin":2,"minecraft:composter":2,"minecraft:torch":3,"minecraft:gravel":9,"minecraft:spruce_fence":9,"minecraft:sand":11,"minecraft:blast_furnace":1,"minecraft:stripped_spruce_log":10,"minecraft:spruce_sapling":3,"minecraft:white_bed":7,"minecraft:spruce_log":21,"minecraft:carrot":1,"minecraft:spider_eye":1,"minecraft:rotten_flesh":7,"minecraft:iron_helmet":1,"minecraft:bread":3,"minecraft:coal":61,"minecraft:snowball":216,"minecraft:cobblestone":50},"minecraft:used":{"minecraft:water_bucket":4,"minecraft:snow_block":1,"minecraft:stone_shovel":131,"minecraft:stone_pickaxe":76,"minecraft:spruce_planks":2,"minecraft:chest":2,"minecraft:shield":3,"minecraft:composter":2,"minecraft:blue_bed":3,"minecraft:stonecutter":1,"minecraft:torch":23,"minecraft:dirt":2,"minecraft:sand":5,"minecraft:crafting_table":3,"minecraft:red_bed":1,"minecraft:blast_furnace":1,"minecraft:white_bed":5,"minecraft:spruce_fence":3,"minecraft:smoker":1,"minecraft:stripped_spruce_log":1,"minecraft:apple":2,"minecraft:lantern":2,"minecraft:bread":3,"minecraft:iron_pickaxe":52,"minecraft:spruce_trapdoor":2,"minecraft:stone_axe":60,"minecraft:furnace":1,"minecraft:smithing_table":1,"minecraft:grindstone":2,"minecraft:bucket":5,"minecraft:golden_pickaxe":20},"minecraft:killed":{"minecraft:zombie":3},"minecraft:crafted":{"minecraft:stone_shovel":1,"minecraft:crafting_table":3,"minecraft:spruce_planks":76,"minecraft:bucket":1,"minecraft:stone_axe":1,"minecraft:air":0,"minecraft:spruce_trapdoor":2,"minecraft:shield":1,"minecraft:stick":16,"minecraft:iron_ingot":8,"minecraft:iron_pickaxe":1,"minecraft:stone_pickaxe":1,"minecraft:snow_block":50,"minecraft:torch":40},"minecraft:mined":{"minecraft:smithing_table":1,"minecraft:spruce_planks":2,"minecraft:white_bed":7,"minecraft:red_bed":1,"minecraft:kelp_plant":2,"minecraft:smoker":1,"minecraft:snow_block":33,"minecraft:blast_furnace":1,"minecraft:grass_block":23,"minecraft:spruce_fence":9,"minecraft:chest":3,"minecraft:spruce_leaves":11,"minecraft:grindstone":2,"minecraft:composter":2,"minecraft:kelp":1,"minecraft:wall_torch":1,"minecraft:blue_bed":3,"minecraft:furnace":11,"minecraft:carrots":1,"minecraft:stripped_spruce_wood":2,"minecraft:iron_ore":11,"minecraft:snow":39,"minecraft:ice":4,"minecraft:spruce_log":23,"minecraft:stripped_spruce_log":10,"minecraft:pumpkin":2,"minecraft:grass_path":7,"minecraft:grass":5,"minecraft:coal_ore":60,"minecraft:lantern":2,"minecraft:gravel":4,"minecraft:sand":11,"minecraft:dirt":30,"minecraft:packed_ice":13,"minecraft:stonecutter":1,"minecraft:stone":41},"minecraft:dropped":{"minecraft:wheat_seeds":1},"minecraft:custom":{"minecraft:interact_with_furnace":4,"minecraft:mob_kills":3,"minecraft:interact_with_crafting_table":5,"minecraft:play_one_minute":27851,"minecraft:leave_game":2,"minecraft:time_since_death":27851,"minecraft:sleep_in_bed":2,"minecraft:time_since_rest":222,"minecraft:sprint_one_cm":91928,"minecraft:damage_taken":12,"minecraft:walk_one_cm":49136,"minecraft:damage_blocked_by_shield":345,"minecraft:drop":1,"minecraft:damage_dealt":671,"minecraft:talked_to_villager":2,"minecraft:swim_one_cm":63433,"minecraft:fly_one_cm":126715,"minecraft:open_chest":7,"minecraft:crouch_one_cm":15646,"minecraft:sneak_time":5307,"minecraft:walk_under_water_one_cm":1892,"minecraft:jump":564,"minecraft:walk_on_water_one_cm":5948,"minecraft:fall_one_cm":12114}},"DataVersion":2586}