{"stats":{"minecraft:picked_up":{"minecraft:andesite":2,"minecraft:potato":6,"minecraft:stripped_spruce_wood":2,"minecraft:blue_bed":1,"minecraft:dirt":39,"minecraft:red_bed":1,"minecraft:kelp":8,"minecraft:wheat_seeds":1,"minecraft:spruce_planks":1,"minecraft:chest":2,"minecraft:furnace":1,"minecraft:stick":2,"minecraft:pumpkin":2,"minecraft:spruce_fence":6,"minecraft:sand":11,"minecraft:stripped_spruce_log":10,"minecraft:spruce_sapling":3,"minecraft:white_bed":1,"minecraft:spruce_log":17,"minecraft:carrot":1,"minecraft:rotten_flesh":5,"minecraft:bread":2,"minecraft:coal":6,"minecraft:snowball":77,"minecraft:cobblestone":21},"minecraft:used":{"minecraft:water_bucket":4,"minecraft:snow_block":1,"minecraft:stone_shovel":56,"minecraft:stone_pickaxe":14,"minecraft:spruce_planks":2,"minecraft:chest":2,"minecraft:shield":1,"minecraft:dirt":2,"minecraft:sand":5,"minecraft:crafting_table":1,"minecraft:red_bed":1,"minecraft:white_bed":1,"minecraft:stripped_spruce_log":1,"minecraft:apple":2,"minecraft:bread":1,"minecraft:stone_axe":43,"minecraft:bucket":5,"minecraft:golden_pickaxe":20},"minecraft:killed":{"minecraft:zombie":2},"minecraft:crafted":{"minecraft:stone_shovel":1,"minecraft:crafting_table":1,"minecraft:spruce_planks":76,"minecraft:bucket":1,"minecraft:stone_axe":1,"minecraft:shield":1,"minecraft:stick":8,"minecraft:iron_ingot":4,"minecraft:stone_pickaxe":1,"minecraft:snow_block":19},"minecraft:mined":{"minecraft:spruce_planks":1,"minecraft:white_bed":1,"minecraft:red_bed":1,"minecraft:kelp_plant":2,"minecraft:snow_block":15,"minecraft:grass_block":15,"minecraft:spruce_fence":6,"minecraft:chest":2,"minecraft:spruce_leaves":8,"minecraft:kelp":1,"minecraft:blue_bed":1,"minecraft:furnace":1,"minecraft:carrots":1,"minecraft:stripped_spruce_wood":2,"minecraft:snow":4,"minecraft:ice":4,"minecraft:spruce_log":18,"minecraft:stripped_spruce_log":10,"minecraft:pumpkin":2,"minecraft:grass_path":7,"minecraft:grass":5,"minecraft:coal_ore":5,"minecraft:sand":11,"minecraft:dirt":22,"minecraft:packed_ice":11,"minecraft:stone":16},"minecraft:dropped":{"minecraft:wheat_seeds":1},"minecraft:custom":{"minecraft:interact_with_furnace":1,"minecraft:mob_kills":2,"minecraft:interact_with_crafting_table":3,"minecraft:play_one_minute":15851,"minecraft:leave_game":2,"minecraft:time_since_death":15851,"minecraft:sleep_in_bed":1,"minecraft:time_since_rest":1893,"minecraft:sprint_one_cm":44611,"minecraft:walk_one_cm":22158,"minecraft:damage_blocked_by_shield":60,"minecraft:drop":1,"minecraft:damage_dealt":381,"minecraft:talked_to_villager":2,"minecraft:swim_one_cm":63433,"minecraft:fly_one_cm":78112,"minecraft:open_chest":5,"minecraft:crouch_one_cm":5654,"minecraft:sneak_time":2134,"minecraft:walk_under_water_one_cm":1892,"minecraft:jump":320,"minecraft:walk_on_water_one_cm":5948,"minecraft:fall_one_cm":6504}},"DataVersion":2586}