{"stats":{"minecraft:broken":{"minecraft:stone_axe":1,"minecraft:stone_shovel":1},"minecraft:used":{"minecraft:water_bucket":4,"minecraft:snow_block":1,"minecraft:spruce_slab":20,"minecraft:stone_shovel":157,"minecraft:stone_pickaxe":76,"minecraft:spruce_planks":31,"minecraft:chest":4,"minecraft:shield":3,"minecraft:composter":2,"minecraft:fletching_table":1,"minecraft:blue_bed":3,"minecraft:stonecutter":1,"minecraft:rotten_flesh":2,"minecraft:torch":29,"minecraft:dirt":29,"minecraft:sand":5,"minecraft:crafting_table":6,"minecraft:red_bed":1,"minecraft:blast_furnace":1,"minecraft:snowball":4,"minecraft:white_bed":7,"minecraft:spruce_fence":3,"minecraft:smoker":1,"minecraft:stripped_spruce_log":1,"minecraft:apple":2,"minecraft:lantern":3,"minecraft:bread":3,"minecraft:iron_pickaxe":54,"minecraft:spruce_trapdoor":2,"minecraft:gravel":9,"minecraft:stone_axe":165,"minecraft:furnace":7,"minecraft:smithing_table":1,"minecraft:grindstone":2,"minecraft:bucket":5,"minecraft:golden_pickaxe":20},"minecraft:picked_up":{"minecraft:crafting_table":1,"minecraft:andesite":2,"minecraft:smithing_table":1,"minecraft:smoker":1,"minecraft:potato":6,"minecraft:flint":3,"minecraft:stripped_spruce_wood":3,"minecraft:string":1,"minecraft:blue_bed":3,"minecraft:dirt":81,"minecraft:red_bed":1,"minecraft:lantern":5,"minecraft:kelp":8,"minecraft:stonecutter":1,"minecraft:wheat_seeds":2,"minecraft:spruce_planks":16,"minecraft:iron_ingot":7,"minecraft:grindstone":2,"minecraft:iron_ore":11,"minecraft:spruce_slab":16,"minecraft:sugar_cane":5,"minecraft:chest":3,"minecraft:furnace":12,"minecraft:stick":4,"minecraft:pumpkin":2,"minecraft:composter":3,"minecraft:torch":4,"minecraft:gravel":9,"minecraft:spruce_fence":15,"minecraft:sand":11,"minecraft:blast_furnace":1,"minecraft:stripped_spruce_log":18,"minecraft:spruce_sapling":3,"minecraft:white_bed":7,"minecraft:spruce_log":83,"minecraft:carrot":1,"minecraft:spider_eye":1,"minecraft:rotten_flesh":7,"minecraft:iron_helmet":1,"minecraft:bread":39,"minecraft:coal":64,"minecraft:snowball":221,"minecraft:cobblestone":50},"minecraft:killed":{"minecraft:zombie":3},"minecraft:crafted":{"minecraft:stone_shovel":2,"minecraft:emerald":16,"minecraft:crafting_table":5,"minecraft:spruce_planks":404,"minecraft:iron_sword":1,"minecraft:fletching_table":1,"minecraft:bucket":1,"minecraft:stone_axe":2,"minecraft:bread":36,"minecraft:air":0,"minecraft:spruce_trapdoor":2,"minecraft:shield":1,"minecraft:spruce_slab":24,"minecraft:stick":532,"minecraft:iron_ingot":8,"minecraft:iron_pickaxe":1,"minecraft:stone_pickaxe":1,"minecraft:chest":1,"minecraft:snow_block":50,"minecraft:torch":40},"minecraft:mined":{"minecraft:smithing_table":1,"minecraft:spruce_planks":16,"minecraft:white_bed":7,"minecraft:red_bed":1,"minecraft:kelp_plant":2,"minecraft:smoker":1,"minecraft:snow_block":33,"minecraft:crafting_table":1,"minecraft:blast_furnace":1,"minecraft:grass_block":28,"minecraft:spruce_fence":15,"minecraft:chest":3,"minecraft:spruce_leaves":18,"minecraft:grindstone":2,"minecraft:sugar_cane":4,"minecraft:composter":3,"minecraft:kelp":1,"minecraft:wall_torch":2,"minecraft:blue_bed":3,"minecraft:large_fern":4,"minecraft:furnace":12,"minecraft:carrots":1,"minecraft:stripped_spruce_wood":3,"minecraft:iron_ore":11,"minecraft:snow":44,"minecraft:ice":4,"minecraft:spruce_log":88,"minecraft:stripped_spruce_log":18,"minecraft:pumpkin":2,"minecraft:grass_path":9,"minecraft:grass":5,"minecraft:coal_ore":60,"minecraft:lantern":2,"minecraft:gravel":4,"minecraft:sand":11,"minecraft:dirt":44,"minecraft:packed_ice":13,"minecraft:stonecutter":1,"minecraft:stone":41,"minecraft:spruce_slab":5},"minecraft:dropped":{"minecraft:wheat_seeds":1},"minecraft:custom":{"minecraft:interact_with_smithing_table":1,"minecraft:interact_with_furnace":4,"minecraft:mob_kills":3,"minecraft:traded_with_villager":23,"minecraft:interact_with_crafting_table":11,"minecraft:play_one_minute":39851,"minecraft:leave_game":2,"minecraft:time_since_death":39851,"minecraft:sleep_in_bed":2,"minecraft:time_since_rest":12222,"minecraft:sprint_one_cm":119052,"minecraft:damage_taken":12,"minecraft:walk_one_cm":80374,"minecraft:damage_blocked_by_shield":345,"minecraft:drop":1,"minecraft:damage_dealt":671,"minecraft:talked_to_villager":20,"minecraft:swim_one_cm":63433,"minecraft:fly_one_cm":155971,"minecraft:open_chest":8,"minecraft:crouch_one_cm":21408,"minecraft:sneak_time":6734,"minecraft:walk_under_water_one_cm":1892,"minecraft:jump":789,"minecraft:walk_on_water_one_cm":6085,"minecraft:fall_one_cm":15636}},"DataVersion":2586}